Model,Accuracy,Precision,Recall,F1_Score,ROC_AUC,Specificity,Net_Profit,Profit_Margin,Approval_Rate
logistic_regression,0.5975,0.6354166666666666,0.5727699530516432,0.6024691358024692,0.6520298260149131,0.6256684491978609,-48.75,-0.121875,0.52
random_forest,0.57,0.5953488372093023,0.6009389671361502,0.5981308411214953,0.6012778991237981,0.5347593582887701,-46.0,-0.115,0.4625
xgboost,0.5775,0.5990990990990991,0.6244131455399061,0.6114942528735632,0.5781175466345309,0.5240641711229946,-43.1,-0.10775,0.445
